name;website;vertical;sub_vertical;location;country_raw;region_raw;city_raw;country_normalized;region_normalized;city_normalized;logo_url;estadio_actual;solucion;mail;social_media;contact_phone;founders;founded;organization_type;outcome_status;business_model;badges;notes;status;lat;lng;geocode_source;existing_id;match_basis;changed_fields;review_reasons
Spoiler Alert;https://www.spoileralert.com/?ref=failory;otra;Transversal al sector;"{""country"": ""Estados Unidos"", ""region"": ""S/D"", ""city"": ""Bostón""}";Estados Unidos;S/D;Bostón;Estados Unidos;S/D;Bostón;;;Descripcion temporal de prueba para detectar update existente 2;;;;[];;startup;;;[];;IN_REVIEW;;;backend_pending;c5d151a5-2655-11f1-9fe3-f2bd301d25df;pair;sub_vertical, location, solucion, founded;
Greyparrot;https://www.greyparrot.ai/?ref=failory;otra;recycling;"{""country"": ""Reino Unido"", ""region"": ""S/D"", ""city"": ""S/D""}";Reino Unido;S/D;S/D;Reino Unido;S/D;S/D;;;Plataforma IA de análisis inteligente de residuos, que identifica y clasifica materiales en plantas de reciclaje y proporciona datos accionables a marcas y operadores para mejorar la recuperabilidad y diseño circular de empaques.;;;;[];;startup;;;[];;IN_REVIEW;;;backend_pending;c605105a-2655-11f1-9fe3-f2bd301d25df;pair;sub_vertical, location, solucion, founded;
NoPalm-Ingredients;https://www.nopalm-ingredients.com/?ref=failory;otra;Agri-food Upcycling;"{""country"": ""Países Bajos"", ""region"": ""S/D"", ""city"": ""S/D""}";Países Bajos;S/D;S/D;Países Bajos;S/D;S/D;;;Foodtech/biotech que produce alternativas sostenibles a los aceites de palma mediante fermentación y uso de subproductos lácteos, reduciendo impacto ambiental y promoviendo circularidad.;;;;[];;startup;;;[];;IN_REVIEW;;;backend_pending;c606cdb5-2655-11f1-9fe3-f2bd301d25df;pair;sub_vertical, location, solucion, founded;
Vytal;https://www.vytal.org/?ref=failory;circular_economy;Packaging Reutilizable;"{""country"": ""Alemania"", ""region"": ""S/D"", ""city"": ""Colonia""}";Alemania;Renania del Norte;Colonia;Alemania;S/D;Colonia;;series_a_/_growth;Sistema de packaging reutilizable para take-away y delivery, con software de gestión de contenedores. Los usuarios toman prestados los envases de socios y los devuelven en cualquier punto de la red.;;"{""linkedin"": ""https://www.linkedin.com/company/vytal-global/""}";;"[""Dr. Tim Breker"", ""Dr. Fabian Barthel"", ""Sven Witth\u00f6ft"", ""Dr. Josephine Kreische""]";2019.0;startup;;;[];;IN_REVIEW;;;backend_pending;c5db56da-2655-11f1-9fe3-f2bd301d25df;pair;vertical, sub_vertical, location, estadio_actual, solucion, social_media, founders, founded;region_removed_or_unresolved
Paptic;http://www.paptic.com/?ref=failory;otra;Packaging Sostenible;"{""country"": ""Finlandia"", ""region"": ""S/D"", ""city"": ""Espoo""}";Finlandia;Finlandiaia;Espoo;Finlandia;S/D;Espoo;;series_a_/_growth;Material de packaging renovable y reciclable a base de fibras de madera para reemplazar plásticos en empaques flexibles. Se puede reciclar junto al cartón y el papel.;;"{""linkedin"": ""https://www.linkedin.com/company/paptic-ltd""}";;"[""Esa Torniainen"", ""Karita Kinnunen-Raudaskoski"", ""Tuomas Mustonen""]";2015.0;startup;;;[];;IN_REVIEW;;;backend_pending;c5db4d47-2655-11f1-9fe3-f2bd301d25df;pair;sub_vertical, location, estadio_actual, solucion, social_media, founders, founded;region_removed_or_unresolved
Ecobean;https://ecobean.pl/?ref=failory;circular_economy;Valorización de Residuos de Café;"{""country"": ""Polonia"", ""region"": ""S/D"", ""city"": ""Varsovia""}";Polonia;Polonia;Varsovia;Polonia;S/D;Varsovia;;early_stage_/_seed;Empresa tecnológica que extiende la cadena de valor del café convirtiéndolo en materias primas verdes y químicos sostenibles. Recoge posos de café Estados Unidosdos y los transforma en materiales circulares. Spin-out de Warsaw University of Technology.;;"{""linkedin"": ""https://www.linkedin.com/company/eco-bean/""}";;"[""Marcin Koziorowski"", ""Kacper Kossowski""]";;startup;;;[];;IN_REVIEW;;;backend_pending;c608e68c-2655-11f1-9fe3-f2bd301d25df;pair;vertical, sub_vertical, location, estadio_actual, solucion, social_media, founders, founded;region_removed_or_unresolved
Rad Power Bikes;http://www.radpowerbikes.com/?ref=failory;otra;Bicicletas Eléctricas;"{""country"": ""Estados Unidos"", ""region"": ""Washington"", ""city"": ""Seattle""}";Estados Unidos.;Washington;Seattle;Estados Unidos;Washington;Seattle;;growth_/_late_stage;Marca de bicicletas eléctricas más grande de Norteamérica. Modelo de venta directa al consumidor (D2C). Ofrece e-bikes para uso personal, carga y entrega. Democratiza la movilidad eléctrica de bajo carbono.;;"{""linkedin"": ""https://www.linkedin.com/company/rad-power-bikes""}";;"[""Mike Radenbaugh"", ""Ty Collins"", ""Marimar White-Espin""]";2007.0;startup;;;[];;IN_REVIEW;;;backend_pending;c60a96e4-2655-11f1-9fe3-f2bd301d25df;pair;sub_vertical, location, logo_url, estadio_actual, solucion, social_media, founders, founded;
Scindo;https://www.scindo.bio/?ref=failory;otra;Biotecnología / Plásticos Bio;"{""country"": ""Reino Unido"", ""region"": ""S/D"", ""city"": ""Londres""}";Reino Unido;S/D;Londres;Reino Unido;S/D;Londres;;seed;Desarrolla enzimas y microorganismos para descomponer plásticos y biomasa lignocelulósica en materiales de valor.;;"{""linkedin"": ""linkedin.com/company/scindo-bio""}";;"[""N/D""]";2022.0;startup;activa;b2b · licencias biotecnológicas;[];Plásticos difíciles de reciclar encuentran ruta biológica de degradación.;IN_REVIEW;;;backend_pending;c608b6f2-2655-11f1-9fe3-f2bd301d25df;pair;sub_vertical, location, estadio_actual, solucion, social_media, founders, founded, outcome_status, business_model, notes;
Electric Hydrogen;https://www.eh2.com/?ref=failory;otra;Hidrógeno Verde;"{""country"": ""Estados Unidos"", ""region"": ""S/D"", ""city"": ""San Carlos""}";Estados Unidos;CA;San Carlos;Estados Unidos;S/D;San Carlos;;series_c+;Electrolizadores de alta eficiencia PEM para producción de hidrógeno verde a gran escala.;;"{""linkedin"": ""linkedin.com/company/electric-hydrogen""}";;"[""David Eaglesham"", ""Raffi Garabedian (ex-CEO First Solar)""]";2020.0;startup;activa;b2b · venta de electrolizadores + proyectos;[];H₂ verde para fertilizantes, acero, petroquímica. Elimina emisiones de proceso.;IN_REVIEW;;;backend_pending;c60aa30d-2655-11f1-9fe3-f2bd301d25df;pair;sub_vertical, location, logo_url, estadio_actual, solucion, social_media, founders, founded, outcome_status, business_model, notes;region_removed_or_unresolved
Arcadia;https://www.arcadia.com/?ref=failory;otra;Datos de Energía / SaaS;"{""country"": ""Estados Unidos"", ""region"": ""District of Columbia"", ""city"": ""Washington""}";Estados Unidos;DC;Washington;Estados Unidos;District of Columbia;Washington;;series_d;Plataforma de datos de energía (Arc) para que empresas accedan a datos de facturas y consumo.;;"{""linkedin"": ""linkedin.com/company/arcadia-power"", ""twitter"": ""twitter.com/arcadiapower""}";;"[""Kiran Bhatraju""]";2014.0;startup;activa;b2b · api de datos energéticos + marketplace;[];Facilita electrificación y gestión de demanda.;IN_REVIEW;;;backend_pending;c60a926d-2655-11f1-9fe3-f2bd301d25df;pair;sub_vertical, location, logo_url, estadio_actual, solucion, social_media, founders, founded, outcome_status, business_model, notes;
Gradiant;https://gradiant.com/?ref=failory;otra;Tratamiento Agua Industrial;"{""country"": ""Estados Unidos"", ""region"": ""Massachusetts"", ""city"": ""Woburn""}";Estados Unidos;MA;Woburn;Estados Unidos;Massachusetts;Woburn;;series_d;Tecnologías avanzadas de tratamiento de agua para semiconductores, petroquímica, minería, farmacéutica.;info@gradiant.com;"{""linkedin"": ""linkedin.com/company/gradiant""}";;"[""Anurag Bajpayee"", ""Prakash Narayan (MIT PhD)""]";2013.0;startup;activa;b2b · proyectos epc + o&m;[];Permite industrias high-tech operar con mínima agua.;IN_REVIEW;;;backend_pending;c60aa0b3-2655-11f1-9fe3-f2bd301d25df;pair;sub_vertical, location, logo_url, estadio_actual, solucion, mail, social_media, founders, founded, outcome_status, business_model, notes;
Turntide Technologies;http://www.turntide.com/?ref=failory;otra;Eficiencia Industrial;"{""country"": ""Estados Unidos"", ""region"": ""S/D"", ""city"": ""San Jose""}";Estados Unidos;CA;San Jose;Estados Unidos;S/D;San Jose;;series_d;Motores de reluctancia eléctrica controlados por software para edificios e industria, 70% menos consumo.;;"{""linkedin"": ""linkedin.com/company/turntide-technologies""}";;"[""Ryan Morris""]";2013.0;startup;activa;b2b · venta de motores + saas de gestión;[];Motores = 45% consumo eléctrico mundial industrial.;IN_REVIEW;;;backend_pending;c60aa059-2655-11f1-9fe3-f2bd301d25df;pair;sub_vertical, location, logo_url, estadio_actual, solucion, social_media, founders, founded, outcome_status, business_model, notes;region_removed_or_unresolved
Northvolt;http://www.northvolt.com/?ref=failory;otra;Baterías de Litio / Manufactura;"{""country"": ""Suecia"", ""region"": ""S/D"", ""city"": ""S/D""}";Suecia;Skellefteå;Estocolmo;Suecia;S/D;S/D;;cerrada;Fabricante europeo de baterías de litio para EVs. Gigafábrica en Suecia. Ex-unicornio.;;"{""linkedin"": ""linkedin.com/company/northvolt"", ""twitter"": ""twitter.com/northvolt""}";;"[""Peter Carlsson"", ""Paolo Cerruti (ex-Tesla)""]";2016.0;startup;⚠️ cerrada · ex-unicornio europeo · $15b raised · bancarrota 2024;b2b · contratos supply con oems automotrices;[];Hubiera creado supply chain de baterías soberano para Europa.;IN_REVIEW;;;backend_pending;c60a7782-2655-11f1-9fe3-f2bd301d25df;pair;sub_vertical, location, logo_url, estadio_actual, solucion, social_media, founders, founded, outcome_status, business_model, notes;region_removed_or_unresolved, city_removed_or_unresolved
Palmetto;http://www.palmetto.com/?ref=failory;otra;Solar Residencial / Plataforma;"{""country"": ""Estados Unidos"", ""region"": ""North Carolina"", ""city"": ""Charlotte""}";Estados Unidos;NC;Charlotte;Estados Unidos;North Carolina;Charlotte;;series_c+;Plataforma B2B2C para instaladores de solar residencial con herramientas de diseño, finanzas y CRM.;;"{""linkedin"": ""linkedin.com/company/palmetto"", ""instagram"": ""instagram.com/palmettoclean"", ""twitter"": ""twitter.com/palmettoclean""}";;"[""Chris Kemper""]";2010.0;startup;activa;b2b + b2c · saas para instaladores + venta directa solar;[];Democratiza acceso a energía solar residencial.;IN_REVIEW;;;backend_pending;c60aa3b7-2655-11f1-9fe3-f2bd301d25df;pair;sub_vertical, location, logo_url, estadio_actual, solucion, social_media, founders, founded, outcome_status, business_model, notes;
eAgronom;https://www.eagronom.com/?ref=failory;otra;AgTech / Carbono Agrícola;"{""country"": ""Estonia"", ""region"": ""S/D"", ""city"": ""Tallin""}";Estonia;S/D;Tallin;Estonia;S/D;Tallin;;series_a;Plataforma digital para agricultura regenerativa, créditos de carbono y datos agronómicos para mejorar rentabilidad.;info@eagronom.com;"{""linkedin"": ""linkedin.com/company/eagronom""}";;"[""Robin Saluoks""]";2016.0;startup;activa;b2b · saas para agricultores + marketplace carbono;[];Secuestro de carbono en suelos. Mejora biodiversidad. 1M+ acres.;IN_REVIEW;;;backend_pending;c608e08d-2655-11f1-9fe3-f2bd301d25df;pair;vertical, sub_vertical, location, estadio_actual, solucion, mail, social_media, founders, founded, outcome_status, business_model, notes;
Kilimo;https://kilimo.com/?ref=failory;otra;Riego Inteligente;"{""country"": ""Argentina"", ""region"": ""S/D"", ""city"": ""Buenos Aires""}";Argentina;S/D;Buenos Aires;Argentina;S/D;Buenos Aires;;series_a;Plataforma de irrigación de precisión con IoT, satélites y ML para reducir agua en agricultura hasta 35%.;info@kilimo.com;"{""linkedin"": ""linkedin.com/company/kilimo"", ""instagram"": ""instagram.com/kilimo_latam""}";;"[""Nicol\u00e1s Carminati"", ""Sebasti\u00e1n Gloazzo""]";2016.0;startup;activa;b2b · saas por hectárea irrigada;[];Agricultura Estados Unidos 70% agua dulce global. Kilimo la reduce 30-35%.;IN_REVIEW;;;backend_pending;c5ca9861-2655-11f1-9fe3-f2bd301d25df;pair;vertical, sub_vertical, location, estadio_actual, solucion, mail, social_media, founders, founded, outcome_status, business_model, notes;
microTERRA;https://www.microterra.com/?ref=failory;otra;Proteína de Algas / Lemna;"{""country"": ""Estados Unidos"", ""region"": ""S/D"", ""city"": ""S/D""}";Estados Unidos;S/D;S/D;Estados Unidos;S/D;S/D;;seed;Cultiva Lemna (lenteja de agua) a gran escala como fuente de proteína alternativa de bajo impacto.;;;;"[""N/D""]";2020.0;startup;activa;b2b · ingrediente proteico para alimentos y piensos;[];Alternativa a soja con 90% menos tierra, agua y emisiones.;IN_REVIEW;;;backend_pending;c606b902-2655-11f1-9fe3-f2bd301d25df;pair;sub_vertical, location, estadio_actual, solucion, founders, founded, outcome_status, business_model, notes;
The Protein Brewery;https://www.theproteinbrewery.nl/?ref=failory;otra;Proteína de Fermentación;"{""country"": ""Países Bajos"", ""region"": ""S/D"", ""city"": ""Breda""}";Países Bajos;S/D;Breda;Países Bajos;S/D;Breda;;series_a;Produce Fermotein, proteína de fermentación de precisión con alto perfil nutricional y baja huella ambiental para ingredientes industriales.;info@theproteinbrewery.nl;"{""linkedin"": ""linkedin.com/company/the-protein-brewery""}";;"[""Ren\u00e9 Floris"", ""Arjen Sein""]";2018.0;startup;activa;b2b · ingrediente proteico para food manufacturers;[];Proteína sin tierra agrícola, sin agua de riego, sin antibióticos. Fracción de la huella animal.;IN_REVIEW;;;backend_pending;c5d201b7-2655-11f1-9fe3-f2bd301d25df;pair;sub_vertical, location, estadio_actual, solucion, mail, social_media, founders, founded, outcome_status, business_model, notes;
Shinkei Systems;https://www.shinkei.systems/?ref=failory;otra;Matanza Humanitaria / Pescado;"{""country"": ""Estados Unidos"", ""region"": ""S/D"", ""city"": ""San Francisco""}";Estados Unidos;CA;San Francisco;Estados Unidos;S/D;San Francisco;;seed;Tecnología de sacrificio de peces por ike jime (técnica japonesa) automatizada para mejorar calidad, bienestar animal y vida útil del producto.;info@shinkei.systems;"{""linkedin"": ""linkedin.com/company/shinkei-systems""}";;"[""Saif Khawaja"", ""Courtney Boyd Myers""]";2020.0;startup;activa;b2b · venta de dispositivos + licencias;[];Bienestar animal. Reduce desperdicio de producto por deterioro más rápido.;IN_REVIEW;;;backend_pending;c5d0930a-2655-11f1-9fe3-f2bd301d25df;pair;vertical, sub_vertical, location, logo_url, estadio_actual, solucion, mail, social_media, founders, founded, outcome_status, business_model, notes;region_removed_or_unresolved
UPSIDE Foods;https://www.upsidefoods.com/?ref=failory;otra;Carne Cultivada;"{""country"": ""Estados Unidos"", ""region"": ""S/D"", ""city"": ""Berkeley""}";Estados Unidos;CA;Berkeley;Estados Unidos;S/D;Berkeley;;series_c+;Pioneros en carne cultivada (cell-based meat) a partir de células animales sin sacrificio. Primera aprobación FDA de la historia.;info@upsidefoods.com;"{""linkedin"": ""linkedin.com/company/upside-foods"", ""instagram"": ""instagram.com/upsidefoods"", ""twitter"": ""twitter.com/upsidefoods""}";;"[""Uma Valeti"", ""Nicholas Genovese"", ""Will Clem""]";2015.0;startup;activa;b2b + b2c · restaurantes + retail (pending escala);[];Carne sin sacrificio animal. Sin antibióticos. 90% menos tierra y 50% menos agua vs ganadería.;IN_REVIEW;;;backend_pending;c60aa15e-2655-11f1-9fe3-f2bd301d25df;pair;sub_vertical, location, logo_url, estadio_actual, solucion, mail, social_media, founders, founded, outcome_status, business_model, notes;region_removed_or_unresolved
Gousto;https://www.gousto.co.Reino Unido/?ref=failory;otra;Meal Kits / D2C;"{""country"": ""Reino Unido"", ""region"": ""S/D"", ""city"": ""Londres""}";Reino Unido;S/D;Londres;Reino Unido;S/D;Londres;;growth;Plataforma de meal kits con más de 75 recetas semanales, personalización por IA y entrega a domicilio en Reino Unido.;;"{""linkedin"": ""linkedin.com/company/gousto"", ""instagram"": ""instagram.com/gousto"", ""facebook"": ""facebook.com/gousto"", ""twitter"": ""twitter.com/gousto""}";;"[""Timo Boldt""]";2012.0;startup;activa;b2c · suscripción semanal de meal kits;[];Reduce desperdicio al enviar cantidades exactas. Menor huella vs supermercado convencional.;IN_REVIEW;;;backend_pending;c603e47c-2655-11f1-9fe3-f2bd301d25df;pair;sub_vertical, location, estadio_actual, solucion, social_media, founders, founded, outcome_status, business_model, notes;
Savor;https://savor.it/?ref=failory;otra;Grasas Sintetizadas / FoodTech;"{""country"": ""Estados Unidos"", ""region"": ""S/D"", ""city"": ""San Francisco""}";Estados Unidos;CA;San Francisco;Estados Unidos;S/D;San Francisco;;seed;Produce grasas y aceites que imitan exactamente la estructura molecular de grasas animales Estados Unidosndo síntesis química sin origen animal ni vegetal.;info@savor.it;"{""linkedin"": ""linkedin.com/company/savor-foodtech""}";;"[""Kathleen Alexander"", ""Arianna Pittenger""]";2021.0;startup;activa;b2b · ingredientes grasos para food manufacturers;[];Grasas = componente crítico del sabor. Savor puede descarbonizar completamente la industria grasa.;IN_REVIEW;;;backend_pending;c608b625-2655-11f1-9fe3-f2bd301d25df;pair;sub_vertical, location, estadio_actual, solucion, mail, social_media, founders, founded, outcome_status, business_model, notes;region_removed_or_unresolved
Superground;https://www.superground.com/?ref=failory;otra;Cold Brew Coffee Premium;"{""country"": ""Estados Unidos"", ""region"": ""S/D"", ""city"": ""S/D""}";Estados Unidos;S/D;S/D;Estados Unidos;S/D;S/D;;seed;Café cold brew premium con proceso de extracción en frío propio, envasado en lata y distribución en retail.;;;;"[""N/D""]";2020.0;startup;activa;b2c · retail + d2c;[];Proceso en frío consume menos energía que extracción en caliente.;IN_REVIEW;;;backend_pending;c608cbd6-2655-11f1-9fe3-f2bd301d25df;pair;sub_vertical, location, estadio_actual, solucion, founders, founded, outcome_status, business_model, notes;
Heura Foods;https://heurafoods.com/?ref=failory;otra;Proteína Vegetal / Plant-Based;"{""country"": ""España"", ""region"": ""S/D"", ""city"": ""Barcelona""}";España;S/D;Barcelona;España;S/D;Barcelona;;series_b;Empresa española líder en plant-based con productos de pollo, ternera y embutidos de origen vegetal. Modelo de impacto y B-Corp.;info@heurafoods.com;"{""linkedin"": ""linkedin.com/company/heura"", ""instagram"": ""instagram.com/eatheura"", ""facebook"": ""facebook.com/eatheura"", ""twitter"": ""twitter.com/eat_heura""}";;"[""Marc Coloma"", ""Bernat A\u00f1a\u00f1os""]";2017.0;startup;activa;b2c · retail + foodservice;[];Carne de origen vegetal reduce 70-90% emisiones vs carne animal convencional.;IN_REVIEW;;;backend_pending;c5db565c-2655-11f1-9fe3-f2bd301d25df;pair;sub_vertical, location, estadio_actual, solucion, mail, social_media, founders, founded, outcome_status, business_model, notes;
UMAMI Bioworks;https://www.umamibioworks.com/?ref=failory;otra;Mariscos Cultivados / Cell-Based;"{""country"": ""Singapur"", ""region"": ""S/D"", ""city"": ""S/D""}";Singapur;S/D;Singapur;Singapur;S/D;S/D;;series_a;Desarrolla mariscos y pescados cultivados (cell-based seafood) con foco en especies de alta demanda como cangrejo, camarón y atún.;info@umamibioworks.com;"{""linkedin"": ""linkedin.com/company/umami-bioworks""}";;"[""Mihir Pershad""]";2021.0;startup;activa;b2b · ingredientes + b2c futuro;[];Pesca industrial destruye ecosistemas marinos. Mariscos cultivados sin pesca extractiva.;IN_REVIEW;;;backend_pending;c608ebc6-2655-11f1-9fe3-f2bd301d25df;pair;sub_vertical, location, estadio_actual, solucion, mail, social_media, founders, founded, outcome_status, business_model, notes;city_removed_or_unresolved
Sproud;https://besproud.com/?ref=failory;otra;Proteína de Insectos;"{""country"": ""Bélgica"", ""region"": ""S/D"", ""city"": ""S/D""}";Bélgica;S/D;Bélgica;Bélgica;S/D;S/D;;seed;Cría insectos (larvas de mosca soldado negro) para producir proteína y fertilizante orgánico a partir de residuos orgánicos.;;"{""linkedin"": ""linkedin.com/company/besproud""}";;"[""N/D""]";2019.0;startup;activa;b2b · harina de insecto + fertilizante;[];Insectos convierten residuos en proteína con 12x menos tierra y 2000x menos agua que ganado bovino.;IN_REVIEW;;;backend_pending;c5d2ac67-2655-11f1-9fe3-f2bd301d25df;pair;sub_vertical, location, estadio_actual, solucion, social_media, founders, founded, outcome_status, business_model, notes;city_removed_or_unresolved
ENOUGH;https://www.enough-food.com/?ref=failory;otra;Proteína Fúngica / Mycoprotein;"{""country"": ""Reino Unido"", ""region"": ""S/D"", ""city"": ""Teesside""}";Reino Unido;S/D;Teesside;Reino Unido;S/D;Teesside;;series_b;Produce ABUNDA, proteína fúngica de alta calidad (similar a Quorn) mediante fermentación continua de alta eficiencia.;info@enough-food.com;"{""linkedin"": ""linkedin.com/company/enough-food""}";;"[""Jim Laird"", ""Tony Hunter""]";2015.0;startup;activa;b2b · ingrediente proteico para food manufacturers;[];Micoproteína: 90% menos tierra, 90% menos emisiones que proteína animal. Alta calidad nutricional.;IN_REVIEW;;;backend_pending;c5db48fb-2655-11f1-9fe3-f2bd301d25df;pair;sub_vertical, location, estadio_actual, solucion, mail, social_media, founders, founded, outcome_status, business_model, notes;
Brightseed;https://brightseedbio.com/?ref=failory;otra;IA para Fitoquímicos / Bioactivos;"{""country"": ""Estados Unidos"", ""region"": ""S/D"", ""city"": ""San Francisco""}";Estados Unidos;CA;San Francisco;Estados Unidos;S/D;San Francisco;;series_b;Plataforma de IA (Forager) que identifica compuestos bioactivos en plantas infrautilizadas para crear ingredientes funcionales.;;"{""linkedin"": ""linkedin.com/company/brightseed"", ""instagram"": ""instagram.com/brightseedbio"", ""twitter"": ""twitter.com/brightseed_bio""}";;"[""Jim Flatt"", ""Stephanie Barnes""]";2017.0;startup;activa;b2b · ingredientes funcionales para food y pharma;[];Extrae bioactivos de partes de plantas que se descartan. Menos desperdicio. Sin síntesis química.;IN_REVIEW;;;backend_pending;c5db4712-2655-11f1-9fe3-f2bd301d25df;pair;vertical, sub_vertical, location, estadio_actual, solucion, social_media, founders, founded, outcome_status, business_model, notes;region_removed_or_unresolved
Prime Roots;https://www.primeroots.com/?ref=failory;otra;Proteína de Koji / Mycoprotein;"{""country"": ""Estados Unidos"", ""region"": ""S/D"", ""city"": ""Berkeley""}";Estados Unidos;CA;Berkeley;Estados Unidos;S/D;Berkeley;;series_a;Produce proteína de koji (hongo) para crear análogos de carne como jamón, tocino y pollo con textura ultra-realista.;;"{""linkedin"": ""linkedin.com/company/prime-roots"", ""instagram"": ""instagram.com/primeroots""}";;"[""Kimberlie Le"", ""Joshua Nixon""]";2018.0;startup;activa;b2c · d2c + retail + foodservice;[];Proteína sin animal: 90% menos tierra, 90% menos agua. Koji no requiere insumos agrícolas.;IN_REVIEW;;;backend_pending;c606ef0b-2655-11f1-9fe3-f2bd301d25df;pair;sub_vertical, location, estadio_actual, solucion, social_media, founders, founded, outcome_status, business_model, notes;region_removed_or_unresolved
BIOWEG;https://bioweg.com/?ref=failory;otra;Packaging Biodegradable / Bioplásticos;"{""country"": ""Alemania"", ""region"": ""S/D"", ""city"": ""S/D""}";Alemania;S/D;S/D;Alemania;S/D;S/D;;seed;Desarrolla y produce packaging biodegradable y compostable a partir de almidones naturales para reemplazar plástico en food packaging.;;;;"[""N/D""]";2019.0;startup;activa;b2b · venta de packaging biodegradable;[];Plástico alimentario = 25M ton/año de residuos. Bioweg elimina esa contaminación.;IN_REVIEW;;;backend_pending;c606e6be-2655-11f1-9fe3-f2bd301d25df;pair;sub_vertical, location, estadio_actual, solucion, founders, founded, outcome_status, business_model, notes;
Clean Food Group;https://cleanfood.group/?ref=failory;otra;Grasas Vegetales Saludables;"{""country"": ""Reino Unido"", ""region"": ""S/D"", ""city"": ""S/D""}";Reino Unido;S/D;S/D;Reino Unido;S/D;S/D;;growth;Produce mantequilla de coco y grasas vegetales premium para el mercado europeo de alimentación saludable.;;"{""linkedin"": ""linkedin.com/company/clean-food-group""}";;"[""N/D""]";2017.0;startup;activa;b2c + b2b · retail + ingredientes;[];Sin ácidos grasos trans. Procesamiento mínimo. Alternativa a grasas industriales.;IN_REVIEW;;;backend_pending;c608b68c-2655-11f1-9fe3-f2bd301d25df;pair;sub_vertical, location, estadio_actual, solucion, social_media, founders, founded, outcome_status, business_model, notes;
Koolboks;koolboks.com;otra;Refrigeración Solar Africa PAYG;"{""country"": ""Francia"", ""region"": ""S/D"", ""city"": ""París""}";France;Africa;París;Francia;S/D;París;;series_a;Refrigeradores solares con batería para comercios y agricultores sin electricidad estable. PAYG. Breakthrough Energy.;;"{""linkedin"": ""linkedin.com/company/koolboks"", ""instagram"": ""instagram.com/koolboks""}";;"[""Ayoola Dominic""]";2019.0;startup;nigeria, benin, camerún, togo.;b2c · leasing payg refrigeradores solares;[];Cadena de frío = menos desperdicio de alimentos. Sin combustibles fósiles.;IN_REVIEW;;;backend_pending;c60560fc-2655-11f1-9fe3-f2bd301d25df;pair;sub_vertical, location, estadio_actual, solucion, social_media, founders, founded, outcome_status, business_model, notes;region_removed_or_unresolved
DroneDeploy;dronedeploy.com;otra;Software Drones / Mapeo 3D;"{""country"": ""Estados Unidos"", ""region"": ""S/D"", ""city"": ""San Francisco""}";Estados Unidos;CA;San Francisco;Estados Unidos;S/D;San Francisco;;series_e;Plataforma líder de software para drones: mapas 3D para construcción, energía y minería. 500k+ usuarios.;;"{""linkedin"": ""linkedin.com/company/dronedeploy"", ""instagram"": ""instagram.com/dronedeploy"", ""twitter"": ""twitter.com/DroneDeploy""}";;"[""Mike Winn"", ""Nicholas Pilkington""]";2013.0;startup;500k+ usuarios. 180 países. integración dji, skydio, etc.;b2b · saas gestión y análisis de vuelos;[];Inspecciones con drones = mayor seguridad y menor costo que escaladores.;IN_REVIEW;;;backend_pending;c5c9e516-2655-11f1-9fe3-f2bd301d25df;pair;vertical, sub_vertical, location, estadio_actual, solucion, social_media, founders, founded, outcome_status, business_model, notes;region_removed_or_unresolved
Nitricity;nitricity.co;otra;Fertilizante de Plasma On-Farm;"{""country"": ""Estados Unidos"", ""region"": ""S/D"", ""city"": ""San Francisco""}";Estados Unidos;CA;San Francisco;Estados Unidos;S/D;San Francisco;;seed;Fertilizante nitrogenado del aire con plasma eléctrico on-farm. Sin Haber-Bosch, sin gas natural.;;"{""linkedin"": ""linkedin.com/company/nitricity""}";;"[""Joshua Ensberg"", ""Gabi Weizman""]";2019.0;startup;sistemas piloto en granjas de california.;b2b · venta fertilizante + sistemas on-farm;[];Fertilizantes = 2% emisiones globales. Nitricity elimina esa huella.;IN_REVIEW;;;backend_pending;c5db45a7-2655-11f1-9fe3-f2bd301d25df;pair;vertical, sub_vertical, location, estadio_actual, solucion, social_media, founders, founded, outcome_status, business_model, notes;region_removed_or_unresolved
TechMet;techmet.com;otra;Inversión Metales Críticos Transición;"{""country"": ""Irlanda"", ""region"": ""S/D"", ""city"": ""Dublín""}";Irlanda;S/D;Dublín;Irlanda;S/D;Dublín;;growth;Fondo de inversión en producción de metales críticos: litio, cobalto, níquel, tungsteno. US DFC-backed.;;"{""linkedin"": ""linkedin.com/company/techmet""}";;"[""Brian Menell""]";2017.0;startup;activos en producción. backed us dfc. expandiendo portfolio.;b2b · inversión + desarrollo activos mineros;[];Metales críticos = habilitadores de transición energética. Sin dependencia China.;IN_REVIEW;;;backend_pending;c60aa593-2655-11f1-9fe3-f2bd301d25df;pair;sub_vertical, location, logo_url, estadio_actual, solucion, social_media, founders, founded, outcome_status, business_model, notes;
Form Energy;formenergy.com;otra;Baterías Hierro-Aire 100 Horas;"{""country"": ""Estados Unidos"", ""region"": ""S/D"", ""city"": ""S/D""}";Estados Unidos;WV;Weirton;Estados Unidos;S/D;S/D;;series_e;Hierro-aire para almacenamiento 100h. $6/kWh objetivo. $1.2B raised. Planta en West Virginia.;;"{""linkedin"": ""linkedin.com/company/form-energy""}";;"[""Marco Ferrara"", ""Yet-Ming Chiang""]";2017.0;startup;planta wv construyéndose. primera entrega comercial 2024.;b2b · sistemas 100h para utilities;[];100h almacenamiento = elimina necesidad gas de respaldo para grid renovable.;IN_REVIEW;;;backend_pending;c60a8a15-2655-11f1-9fe3-f2bd301d25df;pair;sub_vertical, location, logo_url, estadio_actual, solucion, social_media, founders, founded, outcome_status, business_model, notes;region_removed_or_unresolved, city_removed_or_unresolved
Ascend Elements;ascendelements.com;otra;Reciclaje Baterías / Materiales Cátodo;"{""country"": ""Estados Unidos"", ""region"": ""Massachusetts"", ""city"": ""Westborough""}";Estados Unidos;MA;Westborough;Estados Unidos;Massachusetts;Westborough;;series_d;Reciclaje baterías litio → cátodo pCAM de alta pureza. $500M raised. Planta Kentucky.;;"{""linkedin"": ""linkedin.com/company/ascend-elements""}";;"[""Mike O'Kronley""]";2015.0;startup;apex 1 operativa. apex 2 en construcción. $500m raised.;b2b · materiales cátodo reciclados;[];90% menos minería de litio/cobalto por kWh. Cierra el ciclo de baterías.;IN_REVIEW;;;backend_pending;c60a9757-2655-11f1-9fe3-f2bd301d25df;pair;sub_vertical, location, logo_url, estadio_actual, solucion, social_media, founders, founded, outcome_status, business_model, notes;
Utilidata;utilidata.com;otra;IA Edge en Medidor Eléctrico;"{""country"": ""Estados Unidos"", ""region"": ""Rhode Island"", ""city"": ""Providence""}";Estados Unidos;RI;Providence;Estados Unidos;Rhode Island;Providence;;series_b;Chip IA (Nvidia Jetson) en medidores eléctricos para gestión demanda y control grid en tiempo real.;;"{""linkedin"": ""linkedin.com/company/utilidata""}";;"[""N/D""]";2002.0;startup;backed nvidia. desplegando en utilities usa.;b2b · hardware + saas para utilities;[];Grid inteligente = mejor integración EVs y solar. Menos curtailment.;IN_REVIEW;;;backend_pending;c5c9cfe6-2655-11f1-9fe3-f2bd301d25df;pair;solucion, business_model;
H2 Green Steel;h2greensteel.com;otra;Acería H₂ Verde Industrial;"{""country"": ""Suecia"", ""region"": ""S/D"", ""city"": ""Boden""}";Suecia;S/D;Boden;Suecia;S/D;Boden;;growth;Primera acería H₂ verde a escala industrial. Boden, Suecia. $6B raised. 5MT/año para 2030.;;"{""linkedin"": ""linkedin.com/company/h2-green-steel""}";;"[""Henrik Henriksson (ex-CEO Scania)""]";2021.0;startup;planta en construcción. 2025: primeras bobinas. 2030: 5mt/año.;b2b · acero verde certificado;[];Acero con 95% menos CO₂. Clientes: BMW, Mercedes-Benz, Scania.;IN_REVIEW;;;backend_pending;c60a9072-2655-11f1-9fe3-f2bd301d25df;pair;sub_vertical, location, logo_url, estadio_actual, solucion, social_media, founders, founded, outcome_status, business_model, notes;
AgriWebb;https://www.agriwebb.com;agtech;Farm Management;"{""country"": ""Australia"", ""region"": ""S/D"", ""city"": ""S/D""}";Australia;S/D;S/D;Australia;S/D;S/D;;;Software de gestión ganadera y trazabilidad para productores;;;;[];;startup;;;[];;IN_REVIEW;;;backend_pending;c60532a4-2655-11f1-9fe3-f2bd301d25df;pair;sub_vertical, location, solucion, founded;
Taranis;https://www.taranis.ag;agtech;Precision Agriculture;"{""country"": ""Israel"", ""region"": ""S/D"", ""city"": ""S/D""}";Israel;S/D;S/D;Israel;S/D;S/D;;;Imágenes de alta resolución + IA para detección temprana de problemas en cultivos;;;;[];;startup;;;[];;IN_REVIEW;;;backend_pending;c60ede19-2655-11f1-9fe3-f2bd301d25df;pair;vertical, sub_vertical, logo_url, solucion;
Kula Bio;https://www.kulabio.com;otra;;"{""country"": ""Estados Unidos"", ""region"": ""S/D"", ""city"": ""S/D""}";Estados Unidos;S/D;S/D;Estados Unidos;S/D;S/D;;;Fertilizantes biológicos a partir de microbios fijadores de nitrógeno;;;;[];;startup;;;[];;IN_REVIEW;;;backend_pending;c5db3d3f-2655-11f1-9fe3-f2bd301d25df;pair;vertical, sub_vertical, location, solucion, founded;
Plantible Foods;https://www.plantiblefoods.com;foodtech;;"{""country"": ""Estados Unidos"", ""region"": ""S/D"", ""city"": ""S/D""}";Estados Unidos;S/D;S/D;Estados Unidos;S/D;S/D;;;Proteínas vegetales funcionales para la industria alimentaria;;;;[];;startup;;;[];;IN_REVIEW;;;backend_pending;c5db533c-2655-11f1-9fe3-f2bd301d25df;pair;vertical, sub_vertical, location, solucion, founded;
Nitricity;https://www.nitricity.co;agtech;;"{""country"": ""Estados Unidos"", ""region"": ""S/D"", ""city"": ""S/D""}";Estados Unidos;S/D;S/D;Estados Unidos;S/D;S/D;;;Producción de fertilizantes con energía renovable y bajas emisiones;;;;[];;startup;;;[];;IN_REVIEW;;;backend_pending;c5db45a7-2655-11f1-9fe3-f2bd301d25df;pair;sub_vertical, location, solucion, founded;
Inari;https://www.inari.com;otra;Crop Genomics;"{""country"": ""Estados Unidos"", ""region"": ""S/D"", ""city"": ""S/D""}";Estados Unidos;S/D;S/D;Estados Unidos;S/D;S/D;;;Biotecnología para semillas más resilientes y sostenibles;;;;[];;startup;;;[];;IN_REVIEW;;;backend_pending;c60a91c6-2655-11f1-9fe3-f2bd301d25df;pair;sub_vertical, logo_url, solucion;
Ynsect;https://www.ynsect.com;foodtech;Novel Ingredients & Alternative Proteins;"{""country"": ""Francia"", ""region"": ""S/D"", ""city"": ""S/D""}";Francia;S/D;S/D;Francia;S/D;S/D;;;Producción de proteína de insectos para alimento y fertilizantes;;;;[];;startup;;;[];;IN_REVIEW;;;backend_pending;c5d1eb67-2655-11f1-9fe3-f2bd301d25df;pair;vertical, sub_vertical, location, solucion, founded;
Full Harvest;https://fullharvest.com;otra;Circular Economy & Waste Upcycling;"{""country"": ""Estados Unidos"", ""region"": ""S/D"", ""city"": ""S/D""}";Estados Unidos;S/D;S/D;Estados Unidos;S/D;S/D;;;Marketplace B2B para venta de productos agrícolas “imperfectos”;;;;[];;startup;;;[];;IN_REVIEW;;;backend_pending;c5d1eebe-2655-11f1-9fe3-f2bd301d25df;pair;sub_vertical, location, solucion, founded;
Semios;https://semios.com;agtech;Sensors / IoT;"{""country"": ""Canadá"", ""region"": ""S/D"", ""city"": ""S/D""}";Canadá;S/D;S/D;Canadá;S/D;S/D;;;IoT y biología para control de plagas y monitoreo;;;;[];;startup;;;[];;IN_REVIEW;;;backend_pending;c60aaac5-2655-11f1-9fe3-f2bd301d25df;pair;vertical, sub_vertical, location, logo_url, solucion, social_media;
AppHarvest;https://www.appharvest.com;agtech;Farm Management Systems;"{""country"": ""Estados Unidos"", ""region"": ""S/D"", ""city"": ""S/D""}";Estados Unidos;S/D;S/D;Estados Unidos;S/D;S/D;;;Producción agrícola en invernaderos de alta tecnología;;;;[];;startup;;;[];;IN_REVIEW;;;backend_pending;c5d1fe3d-2655-11f1-9fe3-f2bd301d25df;pair;sub_vertical, location, solucion, founded;
GreenLight Biosciences;https://www.greenlightbiosciences.com;otra;Biological crop protection;"{""country"": ""Estados Unidos"", ""region"": ""S/D"", ""city"": ""S/D""}";Estados Unidos;S/D;S/D;Estados Unidos;S/D;S/D;;;Protección de cultivos basada en ARN;;;;[];;startup;;;[];;IN_REVIEW;;;backend_pending;c6050e1d-2655-11f1-9fe3-f2bd301d25df;pair;vertical, sub_vertical, location, solucion, founded;
Gotham Greens;https://www.gothamgreens.com;climatech;Sustainability & Environmental Impact;"{""country"": ""Estados Unidos"", ""region"": ""S/D"", ""city"": ""S/D""}";Estados Unidos;S/D;S/D;Estados Unidos;S/D;S/D;;;Invernaderos urbanos para producción local;;;;[];;startup;;;[];;IN_REVIEW;;;backend_pending;c5d1fcb1-2655-11f1-9fe3-f2bd301d25df;pair;vertical, sub_vertical, location, solucion, founded;
BrightFarms;https://www.brightfarms.com;foodtech;Indoor & Controlled Environment Agriculture;"{""country"": ""Estados Unidos"", ""region"": ""S/D"", ""city"": ""S/D""}";Estados Unidos;S/D;S/D;Estados Unidos;S/D;S/D;;;Producción local de vegetales en invernaderos;;;;[];;startup;;;[];;IN_REVIEW;;;backend_pending;c5d6b3a5-2655-11f1-9fe3-f2bd301d25df;pair;vertical, sub_vertical, location, solucion, founded;
FarmWise;https://www.farmwise.io;agtech;Ag Hardware & Automation/Robotics;"{""country"": ""Estados Unidos"", ""region"": ""S/D"", ""city"": ""S/D""}";Estados Unidos;S/D;S/D;Estados Unidos;S/D;S/D;;;Robots autónomos para desmalezado;;;;[];;startup;;;[];;IN_REVIEW;;;backend_pending;c5f3f546-2655-11f1-9fe3-f2bd301d25df;pair;sub_vertical, location, solucion, founded;
NitroCapt;https://nitrocapt.com;climatech;Climate & Carbon Solutions;"{""country"": ""Países Bajos"", ""region"": ""S/D"", ""city"": ""S/D""}";Países Bajos;S/D;S/D;Países Bajos;S/D;S/D;;;Captura de nitrógeno para fertilizantes sostenibles;;;;[];;startup;;;[];;IN_REVIEW;;;backend_pending;c606cc2a-2655-11f1-9fe3-f2bd301d25df;pair;vertical, sub_vertical, location, solucion, founded;
ucrop.it;https://ucrop.it;agtech;Digital Agriculture / Ag Software;"{""country"": ""Italia"", ""region"": ""S/D"", ""city"": ""S/D""}";Italia;S/D;S/D;Italia;S/D;S/D;;;Plataforma de trazabilidad y datos agrícolas;;;;[];;startup;;;[];;IN_REVIEW;;;backend_pending;c5cda776-2655-11f1-9fe3-f2bd301d25df;pair;sub_vertical, location, logo_url, estadio_actual, solucion, mail, social_media, contact_phone, founders, founded;
InFarm;https://www.infarm.com;agtech;;"{""country"": ""Alemania"", ""region"": ""S/D"", ""city"": ""S/D""}";Alemania;S/D;S/D;Alemania;S/D;S/D;;;Agricultura vertical modular en retail y ciudades;;;;[];;startup;;;[];;IN_REVIEW;;;backend_pending;c60aa6e8-2655-11f1-9fe3-f2bd301d25df;pair;vertical, sub_vertical, location, logo_url, solucion;
Michroma;michroma.co;agtech;Ag Hardware & Automation;"{""country"": ""Argentina"", ""region"": ""S/D"", ""city"": ""S/D""}";Argentina;Chile;Argentina;Argentina;S/D;S/D;https://www.mapeos.endeavor.org.ar/_next/image?url=https%3A%2F%2Fdrive.google.com%2Fuc%3Fexport%3Dview%26id%3D1F41VEOer7hobldjfxucjg8yNK8zh4FI9&w=3840&q=75;seed;Michroma es una plataforma de biotecnología para producir ingredientes naturales tanto sustentables como escalables con costos razonables.;;"{""linkedin"": ""https://www.linkedin.com/company/michroma/""}";;"[""Mauricio Braia (https://www.linkedin.com/in/mauribraia/) | Ricky Cassini (https://www.linkedin.com/in/cassinir/)""]";2019.0;startup;;;[];;IN_REVIEW;;;backend_pending;c5db4c58-2655-11f1-9fe3-f2bd301d25df;pair;vertical, sub_vertical, location, logo_url, estadio_actual, solucion, social_media, founders, founded;region_removed_or_unresolved, city_removed_or_unresolved
ZoomAgri;zoomagri.com;agtech;Digital Agriculture / Ag Software;"{""country"": ""Argentina"", ""region"": ""S/D"", ""city"": ""Buenos Aires""}";Argentina;S/D;Buenos Aires;Argentina;S/D;Buenos Aires;https://www.mapeos.endeavor.org.ar/_next/image?url=https%3A%2F%2Fdrive.google.com%2Fuc%3Fexport%3Dview%26id%3D1NWQX-LSyCfafhXvh3KilTcTuuLWrrgFZ&w=3840&q=75;series_a;A través de la inteligencia artificial, la visión artificial y el Internet de las cosas, ZoomAgri proporciona una evaluación de la calidad de los productos básicos agrícolas a todos los participantes de la cadena de suministro agrícola.;fmh@zoomagri.com;"{""linkedin"": ""https://www.linkedin.com/company/zoomagri/""}";;"[""Fernando Martinez de Hoz (https://www.linkedin.com/in/fernando-martinez-de-hoz-b166049/) | Ignacio Ayanz (https://www.linkedin.com/in/ignacio-ayanz-3512505/) | Jaap Rommelaar (https://www.linkedin.com/in/jaap-rommelaar-237b535/) | Mat\u00edas Micheloud (https://www.linkedin.com/in/mat%C3%ADas-micheloud-5026a310/)""]";2017.0;startup;;;[];;IN_REVIEW;;;backend_pending;c6053142-2655-11f1-9fe3-f2bd301d25df;pair;vertical, sub_vertical, location, logo_url, estadio_actual, solucion, mail, social_media, founders, founded;
BioEutectics;bioeutectics.com;otra;"AgTech
Biotech, Bioingeniería & Biomateriales";"{""country"": ""S/D"", ""region"": ""S/D"", ""city"": ""S/D""}";S/D;S/D;S/D;S/D;S/D;S/D;https://www.mapeos.endeavor.org.ar/_next/image?url=https%3A%2F%2Fdrive.google.com%2Fuc%3Fexport%3Dview%26id%3D1f21fANZWIcIRgxJ3BhHrTFdE69OV35xy&w=3840&q=75;;Revolucionando la industria de los disolventes convirtiéndola en una industria natural, biodegradable y sostenible.;info@bioeutectis.com;"{""linkedin"": ""https://www.linkedin.com/company/bioeutectics/""}";;"[""Federico JV Gomez (https://www.linkedin.com/in/fjvg33/) | Fernanda Silva (https://www.linkedin.com/in/maria-fernanda-silva-96ab6538/) | Sergio David Pasini Cabello (https://www.linkedin.com/in/pasinicabellosd/) | Tomas Silicaro (https://www.linkedin.com/in/tomas-silicaro-85112922/)""]";2021.0;startup;;;[];;IN_REVIEW;;;backend_pending;c606d632-2655-11f1-9fe3-f2bd301d25df;pair;sub_vertical, logo_url, solucion, mail, social_media, founders;
Tomorrow Foods;tomorrowfoods.com.ar;agtech;Ag Hardware & Automation;"{""country"": ""S/D"", ""region"": ""S/D"", ""city"": ""S/D""}";S/D;S/D;S/D;S/D;S/D;S/D;https://www.mapeos.endeavor.org.ar/_next/image?url=https%3A%2F%2Fdrive.google.com%2Fuc%3Fexport%3Dview%26id%3D1Z6YBakWt0HuP4Au2ASefPIVr_sQF7LUU&w=3840&q=75;seed;Investigación, desarrollo y producción de soluciones plant-based para la industria alimenticia global.;;"{""linkedin"": ""https://www.linkedin.com/company/tomorrow-foods/""}";;"[""Agustin Belloso (https://www.linkedin.com/in/abellosobuteler/) | Guillermo Daniel Lentini (https://www.linkedin.com/in/guillermo-daniel-lentini-31180013/)""]";2018.0;startup;;;[];;IN_REVIEW;;;backend_pending;c608e209-2655-11f1-9fe3-f2bd301d25df;pair;vertical, sub_vertical, logo_url, estadio_actual, solucion, social_media, founders, founded;
Instacrops;https://www.instacrops.com;agtech;Precision Agriculture;"{""country"": ""Estados Unidos"", ""region"": ""S/D"", ""city"": ""El Segundo""}";Estados Unidos;CA;El Segundo;Estados Unidos;S/D;El Segundo;https://bookface-images.s3.amazonaws.com/small_logos/26d78b547542b0dccecbb167e84b60d56cad25d7.png;active;Robots for longer-lasting, better-tasting fish at scale. Shinkei automates traditional techniques using robotics to provide long-lasting and delicious fish for farmers and harvesters at scale.;;"{""linkedin"": ""https://www.linkedin.com/company/shinkeisystems"", ""facebook"": ""https://www.facebook.com/YCombinator/"", ""twitter"": ""https://www.twitter.com/khawajasn/""}";;"[""Saif Khawaja""]";2021.0;startup;;;[];;IN_REVIEW;;;backend_pending;c5f403e0-2655-11f1-9fe3-f2bd301d25df;pair;sub_vertical, location, logo_url, estadio_actual, solucion, social_media, founders, founded;region_removed_or_unresolved
Entocycle;https://www.entocycle.com/;foodtech;Novel Ingredients & Alternative Proteins;"{""country"": ""Estados Unidos"", ""region"": ""District of Columbia"", ""city"": ""Washington""}";Estados Unidos;DC;Washington;Estados Unidos;District of Columbia;Washington;https://bookface-images.s3.amazonaws.com/small_logos/1ccd8b9d6b1ac431234008946b6ca8bd57db0122.png;active;Beanstalk is at the nexus of industrial robotics, plant science, and the culinary arts. Our technology enables us to develop new products quickly, automate traditionally labor-intensive work, and connect consumers to fresh produce in ways not before seen.;;"{""linkedin"": ""https://www.linkedin.com/company/beanstalk-inc/about/"", ""facebook"": ""https://www.facebook.com/YCombinator/"", ""twitter"": ""https://twitter.com/ycombinator""}";;"[""Mike Ross"", ""Jack Ross""]";;startup;;;[];;IN_REVIEW;;;backend_pending;c5d54a56-2655-11f1-9fe3-f2bd301d25df;pair;vertical, sub_vertical, location, logo_url, estadio_actual, solucion, social_media, founders, founded;
Plenty;plenty.ag;agtech;Vertical Farming;"{""country"": ""S/D"", ""region"": ""S/D"", ""city"": ""S/D""}";S/D;S/D;S/D;S/D;S/D;S/D;;;;;;;[];2020.0;startup;;;[];;IN_REVIEW;;;backend_pending;c60a966d-2655-11f1-9fe3-f2bd301d25df;pair;vertical, sub_vertical, location, logo_url, social_media, founded;
Perfect Day;perfectday.com;otra;Precision Fermentation;"{""country"": ""S/D"", ""region"": ""S/D"", ""city"": ""S/D""}";S/D;S/D;S/D;S/D;S/D;S/D;;;;;;;[];2020.0;startup;;;[];;IN_REVIEW;;;backend_pending;c60a9213-2655-11f1-9fe3-f2bd301d25df;pair;sub_vertical, location, logo_url, social_media, founded;
Pivot Bio;pivotbio.com;agtech;Ag Biotech;"{""country"": ""S/D"", ""region"": ""S/D"", ""city"": ""S/D""}";S/D;S/D;S/D;S/D;S/D;S/D;;;;;;;[];2020.0;startup;;;[];;IN_REVIEW;;;backend_pending;c60a8a71-2655-11f1-9fe3-f2bd301d25df;pair;vertical, sub_vertical, location, logo_url, social_media, founded;
Impossible Foods;impossiblefoods.com;otra;Plant-based;"{""country"": ""S/D"", ""region"": ""S/D"", ""city"": ""S/D""}";S/D;S/D;S/D;S/D;S/D;S/D;;;;;;;[];2020.0;startup;;;[];;IN_REVIEW;;;backend_pending;c60a7bd3-2655-11f1-9fe3-f2bd301d25df;pair;sub_vertical, location, logo_url, founded;
Ripe.io;ripe.io;otra;Blockchain & Traceability;"{""country"": ""S/D"", ""region"": ""S/D"", ""city"": ""S/D""}";S/D;S/D;S/D;S/D;S/D;S/D;;;;;;;[];2020.0;startup;;;[];;IN_REVIEW;;;backend_pending;c606fe3a-2655-11f1-9fe3-f2bd301d25df;pair;founded;
Upside Foods;upsidefoods.com;otra;Cultivated Meat;"{""country"": ""S/D"", ""region"": ""S/D"", ""city"": ""S/D""}";S/D;S/D;S/D;S/D;S/D;S/D;;;;;;;[];2020.0;startup;;;[];;IN_REVIEW;;;backend_pending;c60aa15e-2655-11f1-9fe3-f2bd301d25df;pair;sub_vertical, location, logo_url, social_media, founded;
Semios;semios.com;agtech;Precision Agriculture;"{""country"": ""S/D"", ""region"": ""S/D"", ""city"": ""S/D""}";S/D;S/D;S/D;S/D;S/D;S/D;;;;;;;[];2021.0;startup;;;[];;IN_REVIEW;;;backend_pending;c60aaac5-2655-11f1-9fe3-f2bd301d25df;pair;vertical, sub_vertical, location, logo_url, social_media, founded;
Inari;inari.com;agtech;Gene Editing;"{""country"": ""S/D"", ""region"": ""S/D"", ""city"": ""S/D""}";S/D;S/D;S/D;S/D;S/D;S/D;;;;;;;[];2020.0;startup;;;[];;IN_REVIEW;;;backend_pending;c60a91c6-2655-11f1-9fe3-f2bd301d25df;pair;vertical, sub_vertical, location, logo_url, founded;
Apeel Sciences;apeel.com;otra;Produce Protection;"{""country"": ""S/D"", ""region"": ""S/D"", ""city"": ""S/D""}";S/D;S/D;S/D;S/D;S/D;S/D;;;;;;;[];2021.0;startup;;;[];;IN_REVIEW;;;backend_pending;c60a8663-2655-11f1-9fe3-f2bd301d25df;pair;sub_vertical, location, logo_url, social_media, founded;
Groundwork BioAg;groundworkbioag.com;agtech;Ag Biotech;"{""country"": ""S/D"", ""region"": ""S/D"", ""city"": ""S/D""}";S/D;S/D;S/D;S/D;S/D;S/D;;;;;;;[];2020.0;startup;;;[];;IN_REVIEW;;;backend_pending;c60f1133-2655-11f1-9fe3-f2bd301d25df;pair;vertical, sub_vertical, location, logo_url, founded;
walkme;https://www.walkme.com/;otra;;"{""country"": ""Israel"", ""region"": ""S/D"", ""city"": ""S/D""}";Israel;S/D;walter moses 1 tel aviv;Israel;S/D;S/D;;;;;;;[];;startup;;;[];;IN_REVIEW;;;backend_pending;c60d4360-2655-11f1-9fe3-f2bd301d25df;pair;logo_url;city_removed_or_unresolved, city_looks_like_address
Planet of the Apps;https://www.poa-media.com/;otra;;"{""country"": ""Israel"", ""region"": ""S/D"", ""city"": ""S/D""}";Israel;Neve Ilan;Planet of the Apps;Israel;S/D;S/D;https://media.mapme.com/places/693b428b-a028-48ec-91b4-62c460da3430/gallery/3807dac4-db6b-4a98-b8e8-cd52bd5e9898.sd;;;;;;[];;startup;;;[];;IN_REVIEW;;;backend_pending;c60edf71-2655-11f1-9fe3-f2bd301d25df;pair;logo_url;region_removed_or_unresolved, city_removed_or_unresolved
DizziPay Holdings LTD;https://www.dizzipay.com/;otra;;"{""country"": ""Israel"", ""region"": ""S/D"", ""city"": ""S/D""}";Israel;S/D;85 Medinat HaYehudim St. Herzliya;Israel;S/D;S/D;https://media.mapme.com/places/fb17a707-815f-4eb8-b9b9-84276ac1d8b8/gallery/eaf76d9d-d80d-4dcd-9d04-b13fc3d0f14d.sd;;;;;;[];;startup;;;[];;IN_REVIEW;;;backend_pending;c614b517-2655-11f1-9fe3-f2bd301d25df;pair;logo_url;city_removed_or_unresolved, city_looks_like_address
Rumble;https://rumble.me/;otra;;"{""country"": ""Israel"", ""region"": ""S/D"", ""city"": ""S/D""}";Israel;Tel Aviv;Shevah 7;Israel;S/D;S/D;https://media.mapme.com/places/7b8c9221-93d7-40d1-8e03-b4ee9ace8e6d/gallery/5cbe335b-d58f-43e6-8d2a-25d4e618bddc.sd;;;;;;[];;startup;;;[];;IN_REVIEW;;;backend_pending;c614a4e0-2655-11f1-9fe3-f2bd301d25df;pair;logo_url;region_removed_or_unresolved, city_removed_or_unresolved, city_looks_like_address
Kilometer.io;https://www.kilometer.io/;otra;;"{""country"": ""Israel"", ""region"": ""S/D"", ""city"": ""S/D""}";Israel;Herzliya;27 Maskit;Israel;S/D;S/D;https://media.mapme.com/places/f07cb3a9-2913-4ba1-8659-0a99776a009b/gallery/150bc10b-8793-40d5-a89f-f1803573f20e.sd;;;;;;[];;startup;;;[];;IN_REVIEW;;;backend_pending;c6134ea9-2655-11f1-9fe3-f2bd301d25df;pair;location, logo_url;region_removed_or_unresolved, city_removed_or_unresolved, city_looks_like_address
